task_id,user_id,task_name,task_pro,task_dead,task_done,pre_time
1,admin,テスト入力,0,1662082020,True,1800
2,admin,テスト２,0,1662686820,True,1800
3,admin,aaavvv,0,1663896420,False,1800
4,admin,テスト後前,0,1661995620,True,1800
5,admin,タスク追加A,0,1663041600,False,1800
6,admin,課題,0,1663808400,False,1800
7,admin,テストタスク,1,1664413320,False,1800
8,admin,テストタスク2,1,1663797240,True,1800
9,admin,テストタスク3,1,1664402280,False,1800
10,admin,test,1,1664060040,False,1800
11,admin,テストタスク4,1,1664492640,False,1800
12,admin,テストタスク,2,1665015360,False,1800
share-1-7,nokey_user,テストタスク,share-1-nokey_user,1664413320,False,1800
share-1-8,nokey_user,テストタスク2,share-1-nokey_user,1663797240,False,1800
share-1-9,nokey_user,テストタスク3,share-1-nokey_user,1664402280,False,1800
share-1-10,nokey_user,test,share-1-nokey_user,1664060040,False,1800
share-1-11,nokey_user,テストタスク4,share-1-nokey_user,1664492640,False,1800
share-1-7,test,テストタスク,share-1-test,1664413320,False,1800
share-1-8,test,テストタスク2,share-1-test,1663797240,False,1800
share-1-9,test,テストタスク3,share-1-test,1664402280,False,1800
share-1-10,test,test,share-1-test,1664060040,False,1800
share-1-11,test,テストタスク4,share-1-test,1664492640,False,1800
share-2-12,test2,テストタスク,share-2-test2,1665015360,False,1800
24,test2,試しに追加,8,1664502960,False,1800
25,admin,タスク追加反映確認,2,1665194160,False,1800
share-2-25,test2,タスク追加反映確認,share-2-test2,1665194160,False,1800
share-2-12,test,テストタスク,share-2-test,1665015360,False,1800
share-2-25,test,タスク追加反映確認,share-2-test,1665194160,False,1800
